Run,Sample
ERR4691852,ERS489689
ERR4691866,ERS490308
ERR4691865,ERS490972
ERR4691780,ERS491140
ERR4691779,ERS491185
ERR4691773,ERS491215
ERR4691776,ERS491217
ERR4691778,ERS491219
ERR4691777,ERS491221
ERR4691781,ERS491248
ERR4691782,ERS491250
ERR4691785,ERS491287
ERR4691855,ERS491326
ERR4691856,ERS491326
ERR4691857,ERS491328
ERR4691858,ERS491328
ERR4691770,ERS491359
ERR4691792,ERS491495
ERR4691788,ERS491497
ERR4691787,ERS491536
ERR4691786,ERS491570
ERR4691812,ERS491814
ERR4691808,ERS491816
ERR4691825,ERS492603
ERR4691863,ERS492622
ERR4691864,ERS492622
ERR4691828,ERS492628
ERR4691833,ERS492959
ERR4691829,ERS492961
ERR4691800,ERS492983
ERR4691795,ERS492985
ERR4691796,ERS492985
ERR4691805,ERS493022
ERR4691801,ERS493023
ERR4691807,ERS493130
ERR4691806,ERS493173
ERR4691841,ERS493197
ERR4691822,ERS493400
ERR4691821,ERS493402
ERR4691817,ERS493442
ERR4691816,ERS493444
ERR4691836,ERS493491
ERR4691834,ERS493493
ERR4691838,ERS493759
ERR4691837,ERS493795
ERR4691846,ERS493888
ERR4691842,ERS493890
ERR4691847,ERS493925
ERR4691850,ERS493927
ERR4691840,ERS494034
ERR4691839,ERS494085
ERR4691851,ERS494246
ERR4691853,ERS494401
ERR4691854,ERS494499
ERR4691845,ERS493908
ERR4691843,ERS493897
ERR4691844,ERS493903
ERR4691849,ERS493930
ERR4691848,ERS493931
ERR4691826,ERS492634
ERR4691827,ERS492635
ERR4691823,ERS492609
ERR4691824,ERS492610
ERR4691832,ERS492965
ERR4691793,ERS492617
ERR4691831,ERS492967
ERR4691830,ERS492968
ERR4691794,ERS492618
ERR4691769,ERS490416
ERR4691799,ERS492994
ERR4691798,ERS492998
ERR4691803,ERS493034
ERR4691768,ERS490422
ERR4691767,ERS490426
ERR4691797,ERS493002
ERR4691804,ERS493030
ERR4691802,ERS493038
ERR4691772,ERS491372
ERR4691811,ERS491823
ERR4691810,ERS491824
ERR4691809,ERS491825
ERR4691771,ERS491377
ERR4691774,ERS491230
ERR4691775,ERS491230
ERR4691835,ERS493500
ERR4691861,ERS491337
ERR4691862,ERS491337
ERR4691784,ERS491264
ERR4691859,ERS491342
ERR4691860,ERS491342
ERR4691791,ERS491504
ERR4691790,ERS491505
ERR4691783,ERS491269
ERR4691789,ERS491506
ERR4691818,ERS493409
ERR4691815,ERS493423
ERR4691814,ERS493427
ERR4691819,ERS493415
ERR4691813,ERS493451
ERR4691820,ERS493419
ERR4691723,ERS488022
ERR4691730,ERS488071
ERR4691731,ERS488073
ERR4691727,ERS488098
ERR4691737,ERS488174
ERR4691734,ERS488230
ERR4691744,ERS488373
ERR4691745,ERS488374
ERR4691748,ERS488427
ERR4691706,ERS489377
ERR4691707,ERS489423
ERR4691710,ERS489430
ERR4691751,ERS489631
ERR4691755,ERS489691
ERR4691763,ERS489747
ERR4691758,ERS489896
ERR1740328,ERS490044
ERR4691765,ERS490405
ERR4691766,ERS490407
ERR1740326,ERS490552
ERR1740324,ERS490699
ERR1726881,ERS490819
ERR1740325,ERS491010
ERR1726524,ERS491436
ERR4691742,ERS491476
ERR4691743,ERS491512
ERR4691725,ERS491611
ERR4691724,ERS491670
ERR4691714,ERS492050
ERR4691713,ERS492088
ERR1726807,ERS492153
ERR1726933,ERS492153
ERR1726856,ERS492188
ERR1726567,ERS492330
ERR1726708,ERS492334
ERR4691715,ERS492514
ERR4691716,ERS492548
ERR4691717,ERS492553
ERR4691720,ERS492566
ERR4691721,ERS492582
ERR4691722,ERS492590
ERR4691711,ERS492706
ERR4691712,ERS492706
ERR4691719,ERS492827
ERR4691718,ERS492827
ERR1726689,ERS490150
ERR1726686,ERS488915
ERR1740327,ERS491086
ERR1726675,ERS488481
ERR1726568,ERS488596
ERR1726909,ERS491866
ERR1726746,ERS489069
ERR1726546,ERS488453
ERR1726705,ERS491970
ERR1726766,ERS492169
ERR1726961,ERS492751
ERR4691732,ERS488104
ERR4691728,ERS488108
ERR4691738,ERS488205
ERR4691735,ERS488209
ERR4691739,ERS488214
ERR4691736,ERS488218
ERR1726547,ERS494199
ERR4691762,ERS488267
ERR4691761,ERS488272
ERR4691709,ERS489411
ERR4691726,ERS487990
ERR4691733,ERS488079
ERR4691704,ERS489351
ERR4691705,ERS489353
ERR4691729,ERS488083
ERR1726614,ERS489291
ERR4691708,ERS489402
ERR4691741,ERS488324
ERR4691740,ERS488329
ERR4691750,ERS488434
ERR4691753,ERS489646
ERR4691749,ERS488436
ERR4691752,ERS489654
ERR4691754,ERS489660
ERR4691757,ERS489708
ERR4691756,ERS489668
ERR4691764,ERS489765
ERR4691747,ERS488378
ERR4691746,ERS488385
ERR1726798,ERS489832
ERR4691760,ERS489873
ERR4691759,ERS489911
ERR1726977,ERS492498
ERR1726799,ERS491307
ERR1726706,ERS490836
ERR1726650,ERS493810
ERR1726683,ERS491164
ERR1726776,ERS493617
ERR1726873,ERS493621
ERR1726954,ERS493690
ERR1726560,ERS493804
ERR1726830,ERS492128
ERR1726872,ERS493324
ERR1726823,ERS493233
ERR1726585,ERS488353
ERR1726929,ERS488447
ERR1726715,ERS488461
ERR1726940,ERS488980
ERR1726908,ERS489002
ERR1726921,ERS489454
ERR1726701,ERS490172
ERR1726793,ERS490172
ERR1726829,ERS490172
ERR1726875,ERS490172
ERR1726682,ERS490607
ERR1726906,ERS490794
ERR1726572,ERS490975
ERR1726952,ERS491435
ERR1726878,ERS491437
ERR1726963,ERS491515
ERR1726634,ERS491843
ERR1726527,ERS491883
ERR1726556,ERS492650
ERR1726858,ERS493109
ERR1726679,ERS494302
ERR1726629,ERS494666
ERR1726756,ERS494711
ERR1726969,ERS490366
ERR1726951,ERS488712
ERR1726526,ERS488915
ERR1726899,ERS490362
ERR1726622,ERS492763
ERR1726822,ERS492912
ERR1726763,ERS492846
ERR1726657,ERS492846
ERR1726800,ERS490083
ERR1726942,ERS488561
ERR1726561,ERS492757
ERR1726891,ERS492658
ERR1726681,ERS488134
ERR1726752,ERS488565
ERR1726717,ERS492723
ERR1726666,ERS492909
ERR1726808,ERS489566
ERR1726825,ERS490708
ERR1726550,ERS491900
ERR1726836,ERS488464
ERR1726743,ERS488464
ERR1726934,ERS489122
ERR1726827,ERS487930
ERR1726792,ERS492161
ERR1726606,ERS492719
ERR1726868,ERS488824
ERR1726826,ERS492715
ERR1726922,ERS492715
ERR1726945,ERS492226
ERR1726964,ERS492226
ERR1726554,ERS488744
ERR1726748,ERS488345
ERR1726639,ERS491854
ERR1726659,ERS492004
ERR1726789,ERS492169
ERR1726599,ERS489118
ERR1726927,ERS492662
ERR1726843,ERS488746
ERR1726578,ERS488705
ERR1726844,ERS489037
ERR1726811,ERS488356
ERR1726587,ERS488896
ERR1726718,ERS506046
ERR1726697,ERS489480
ERR1726757,ERS494259
ERR1726971,ERS494195
ERR1726802,ERS488468
ERR1726870,ERS488288
ERR1726834,ERS492494
ERR1726867,ERS494418
ERR1726664,ERS492573
ERR1726604,ERS492313
ERR1726739,ERS492260
ERR1726949,ERS494412
ERR1726962,ERS493076
ERR1726594,ERS493086
ERR1726852,ERS494484
ERR1726744,ERS494540
ERR1726847,ERS494545
ERR1726647,ERS493184
ERR1726702,ERS493536
ERR1726888,ERS493536
ERR1726627,ERS491460
ERR1726661,ERS493867
ERR1726713,ERS492064
ERR1726738,ERS493652
ERR1726740,ERS492073
ERR1726966,ERS493270
ERR1726767,ERS493274
ERR1726849,ERS493328
ERR1726559,ERS493328
ERR1726769,ERS493358
ERR1726747,ERS493526
ERR1726886,ERS493860
ERR1726930,ERS493564
ERR1726641,ERS493568
ERR1726616,ERS493572
ERR1726555,ERS488339
ERR1726722,ERS488498
ERR1726582,ERS488991
ERR1726591,ERS488991
ERR1726784,ERS489280
ERR1726866,ERS490172
ERR1726749,ERS491394
ERR1726645,ERS491394
ERR1726735,ERS491721
ERR1726656,ERS491843
ERR1726609,ERS491883
ERR1726742,ERS492025
ERR1726602,ERS492241
ERR1726732,ERS492245
ERR1726890,ERS492245
ERR1726579,ERS492277
ERR1726771,ERS492369
ERR1726535,ERS492428
ERR1726913,ERS492742
ERR1726714,ERS492895
ERR1726845,ERS493262
ERR1726576,ERS493610
ERR1726730,ERS493851
ERR1726980,ERS494592
ERR1726545,ERS494673
ERR1726919,ERS494741
ERR1726565,ERS490594
ERR1726917,ERS488594
ERR1726865,ERS491858
ERR1726912,ERS492912
ERR1726691,ERS492912
ERR1726777,ERS488678
ERR1726925,ERS489067
ERR1726660,ERS488391
ERR1726607,ERS490618
ERR1726950,ERS490618
ERR1726673,ERS488539
ERR1726879,ERS488257
ERR1726801,ERS492137
ERR1726662,ERS488134
ERR1726652,ERS489065
ERR1726820,ERS489065
ERR1726882,ERS492400
ERR1726710,ERS491799
ERR1726603,ERS491799
ERR1726786,ERS488420
ERR1726731,ERS490572
ERR1726670,ERS492344
ERR1726960,ERS488684
ERR1726736,ERS488822
ERR1726623,ERS491900
ERR1726618,ERS488521
ERR1726672,ERS488521
ERR1726978,ERS489523
ERR1726918,ERS488640
ERR1726794,ERS488742
ERR1726688,ERS492669
ERR1726946,ERS492904
ERR1726655,ERS491904
ERR1726678,ERS490564
ERR1726709,ERS491958
ERR1726780,ERS490626
ERR1726658,ERS492224
ERR1726563,ERS492224
ERR1726644,ERS489158
ERR1726529,ERS493980
ERR1726654,ERS494147
ERR1726726,ERS489476
ERR1726611,ERS489311
ERR1726531,ERS489314
ERR1726813,ERS489489
ERR1726651,ERS489466
ERR1726728,ERS489813
ERR1726544,ERS492597
ERR1726586,ERS492534
ERR1726741,ERS492598
ERR1726685,ERS492539
ERR1726625,ERS494355
ERR1726859,ERS494461
ERR1726947,ERS494686
ERR1726941,ERS494752
ERR1726803,ERS494754
ERR1726824,ERS494557
ERR1726973,ERS494470
ERR1726889,ERS494350
ERR1726774,ERS491302
ERR1726723,ERS493626
ERR1726692,ERS493656
ERR1726573,ERS490832
ERR1726901,ERS491153
ERR1726797,ERS493205
ERR1726968,ERS491157
ERR1726812,ERS491168
ERR1726669,ERS493660
ERR1726619,ERS493768
ERR1726566,ERS492124
ERR1726580,ERS493324
ERR1726543,ERS491520
ERR1726750,ERS493530
ERR1726680,ERS493568
ERR1726862,ERS488980
ERR1726633,ERS489142
ERR1726974,ERS489252
ERR1726671,ERS489509
ERR1726704,ERS490172
ERR1726733,ERS490752
ERR1726719,ERS491431
ERR1726896,ERS491721
ERR1726631,ERS491923
ERR1726842,ERS492021
ERR1726955,ERS492153
ERR1726760,ERS492184
ERR1726907,ERS492241
ERR1726668,ERS492281
ERR1726584,ERS492366
ERR1726667,ERS492650
ERR1726564,ERS492824
ERR1726569,ERS492824
ERR1726571,ERS492829
ERR1726643,ERS492895
ERR1726846,ERS492895
ERR1726805,ERS493134
ERR1726816,ERS493311
ERR1726570,ERS493351
ERR1726884,ERS493517
ERR1726869,ERS493593
ERR1726676,ERS493952
ERR1726863,ERS494339
ERR1726589,ERS494527
ERR1726761,ERS494658
ERR1726707,ERS494662
ERR1726821,ERS494707
ERR1726838,ERS488567
ERR1726541,ERS491732
ERR1726915,ERS488902
ERR1726956,ERS488342
ERR1726970,ERS491736
ERR1726608,ERS492846
ERR1726610,ERS488596
ERR1726916,ERS492349
ERR1726841,ERS491962
ERR1726624,ERS491866
ERR1726953,ERS488257
ERR1726832,ERS489128
ERR1726883,ERS492658
ERR1726711,ERS488644
ERR1726926,ERS488644
ERR1726787,ERS488506
ERR1726937,ERS490572
ERR1726900,ERS491798
ERR1726695,ERS492909
ERR1726804,ERS489069
ERR1726646,ERS489234
ERR1726630,ERS490294
ERR1726938,ERS492669
ERR1726765,ERS492904
ERR1726601,ERS492852
ERR1726892,ERS492852
ERR1726626,ERS490582
ERR1726965,ERS488356
ERR1726649,ERS489952
ERR1726887,ERS488033
ERR1726936,ERS487994
ERR1726893,ERS494060
ERR1726617,ERS494070
ERR1726729,ERS489289
ERR1726957,ERS493976
ERR1726684,ERS494064
ERR1726885,ERS494191
ERR1726810,ERS488468
ERR1726677,ERS489818
ERR1726615,ERS492528
ERR1726553,ERS494602
ERR1726600,ERS492585
ERR1726532,ERS494720
ERR1726775,ERS492260
ERR1726635,ERS494612
ERR1726831,ERS494313
ERR1726577,ERS493070
ERR1726720,ERS494317
ERR1726703,ERS494323
ERR1726876,ERS491455
ERR1726819,ERS490761
ERR1726636,ERS490768
ERR1726558,ERS491547
ERR1726928,ERS490995
ERR1726781,ERS491153
ERR1726943,ERS491553
ERR1726687,ERS493206
ERR1726880,ERS491655
ERR1726894,ERS493157
ERR1726967,ERS493772
ERR1726632,ERS491417
ERR1726782,ERS493320
ERR1726818,ERS493336
ERR1726716,ERS491589
ERR1726583,ERS493694
ERR1726853,ERS490871
ERR1726958,ERS490875
ERR1726806,ERS491593
ERR1726597,ERS488249
ERR1726540,ERS488447
ERR1726910,ERS488696
ERR1726549,ERS488967
ERR1726575,ERS489176
ERR1726897,ERS489312
ERR1726665,ERS489507
ERR1726833,ERS490172
ERR1726898,ERS490172
ERR1726975,ERS490448
ERR1726699,ERS490553
ERR1726815,ERS491575
ERR1726628,ERS491947
ERR1726828,ERS492092
ERR1726904,ERS492188
ERR1726773,ERS492281
ERR1726762,ERS492742
ERR1726725,ERS492824
ERR1726851,ERS493055
ERR1726914,ERS493222
ERR1726848,ERS493555
ERR1726864,ERS493643
ERR1726523,ERS493677
ERR1726835,ERS494129
ERR1726817,ERS494452
ERR1726596,ERS494572
ERR1726642,ERS488262
ERR1726696,ERS489132
ERR1726839,ERS488139
ERR1726557,ERS488139
ERR1726690,ERS492404
ERR1726537,ERS488598
ERR1726905,ERS488598
ERR1726754,ERS489067
ERR1726976,ERS488503
ERR1726751,ERS488561
ERR1726770,ERS492757
ERR1726788,ERS492137
ERR1726759,ERS488485
ERR1726552,ERS492400
ERR1726855,ERS488508
ERR1726698,ERS491900
ERR1726663,ERS490159
ERR1726902,ERS488640
ERR1726809,ERS488742
ERR1726613,ERS488453
ERR1726871,ERS492161
ERR1726700,ERS492719
ERR1726745,ERS492904
ERR1726755,ERS491854
ERR1726588,ERS491854
ERR1726753,ERS488358
ERR1726932,ERS492662
ERR1726920,ERS488746
ERR1726522,ERS492751
ERR1726979,ERS488896
ERR1726814,ERS489187
ERR1726612,ERS488029
ERR1726840,ERS488681
ERR1726638,ERS494045
ERR1726581,ERS494142
ERR1726764,ERS494255
ERR1726548,ERS494263
ERR1726944,ERS493965
ERR1726674,ERS489805
ERR1726590,ERS489842
ERR1726592,ERS492560
ERR1726620,ERS492561
ERR1726605,ERS492538
ERR1726857,ERS492572
ERR1726931,ERS492573
ERR1726861,ERS494606
ERR1726653,ERS494726
ERR1726860,ERS494465
ERR1726534,ERS494359
ERR1726772,ERS494422
ERR1726727,ERS493080
ERR1726795,ERS493066
ERR1726877,ERS494313
ERR1726551,ERS494478
ERR1726778,ERS492441
ERR1726562,ERS493092
ERR1726712,ERS494536
ERR1726783,ERS494508
ERR1726621,ERS493237
ERR1726924,ERS493241
ERR1726637,ERS493188
ERR1726536,ERS493872
ERR1726593,ERS491630
ERR1726758,ERS490778
ERR1726939,ERS491157
ERR1726525,ERS492060
ERR1726895,ERS491407
ERR1726850,ERS491412
ERR1726539,ERS493153
ERR1726874,ERS493814
ERR1726595,ERS493278
ERR1726796,ERS493686
ERR1726837,ERS493362
ERR1726923,ERS493526
ERR1726542,ERS487921
ERR868435,ERS487956
ERR1700900,ERS487958
ERR1700908,ERS487958
ERR868389,ERS488021
ERR868448,ERS488048
ERR1700894,ERS488153
ERR1700895,ERS488251
ERR1700896,ERS488412
ERR868418,ERS488515
ERR1700913,ERS488516
ERR868401,ERS488633
ERR868439,ERS488694
ERR868406,ERS488730
ERR868400,ERS488753
ERR1700904,ERS488754
ERR873969,ERS488780
ERR873962,ERS488780
ERR868503,ERS488809
ERR868408,ERS488885
ERR1700899,ERS488886
ERR868455,ERS488952
ERR868468,ERS488952
ERR1700892,ERS489013
ERR1700890,ERS489054
ERR1700912,ERS489079
ERR868391,ERS489451
ERR1726854,ERS489453
ERR868387,ERS490751
ERR868461,ERS490860
ERR1700898,ERS490981
ERR868394,ERS491289
ERR868416,ERS491433
ERR1700901,ERS491478
ERR873961,ERS491757
ERR873966,ERS491757
ERR1700897,ERS491758
ERR1700905,ERS491758
ERR1700903,ERS491887
ERR868457,ERS491922
ERR868506,ERS492212
ERR873963,ERS492393
ERR868405,ERS492516
ERR868475,ERS492651
ERR873959,ERS492686
ERR873968,ERS492686
ERR868425,ERS492708
ERR868469,ERS492740
ERR1726533,ERS492829
ERR868494,ERS492871
ERR868352,ERS492897
ERR868462,ERS493057
ERR868347,ERS493132
ERR1726724,ERS493262
ERR868385,ERS493353
ERR873960,ERS493592
ERR873967,ERS493592
ERR868378,ERS493612
ERR868390,ERS493761
ERR868398,ERS493797
ERR868420,ERS493853
ERR1700891,ERS493999
ERR868509,ERS494087
ERR873965,ERS494105
ERR873964,ERS494131
ERR868451,ERS494164
ERR1726693,ERS494182
ERR868511,ERS494501
ERR868459,ERS494529
ERR1726972,ERS494660
ERR1726791,ERS488262
ERR1726734,ERS489263
ERR1700889,ERS488900
ERR1726721,ERS492763
ERR1700914,ERS488816
ERR1726574,ERS488542
ERR1700906,ERS488820
ERR1700907,ERS488820
ERR1726959,ERS492723
ERR1726903,ERS492909
ERR1700909,ERS489336
ERR1700911,ERS492000
ERR1726538,ERS489187
ERR1726768,ERS493971
ERR1700893,ERS494049
ERR1726737,ERS494055
ERR1700902,ERS494136
ERR1726785,ERS492584
ERR1726528,ERS492254
ERR1726694,ERS492437
ERR1726911,ERS494553
ERR1726779,ERS491522
ERR1726640,ERS493241
ERR1726598,ERS491693
ERR1726648,ERS490774
ERR1726935,ERS493147
ERR1700910,ERS493776
ERR1726530,ERS490841
ERR1726790,ERS491407
ERR1726948,ERS493772
ERR868369,ERS487919
ERR868437,ERS487956
ERR868510,ERS487956
ERR868497,ERS487982
ERR868373,ERS488005
ERR868431,ERS488020
ERR868473,ERS488150
ERR868412,ERS488306
ERR868482,ERS488317
ERR868488,ERS488352
ERR868504,ERS488410
ERR868496,ERS488460
ERR868456,ERS488476
ERR868356,ERS488497
ERR868402,ERS488534
ERR868471,ERS488554
ERR868460,ERS488583
ERR868463,ERS488695
ERR868428,ERS488730
ERR868487,ERS488753
ERR868498,ERS488809
ERR868353,ERS488857
ERR868397,ERS488885
ERR868409,ERS489078
ERR868383,ERS489142
ERR868508,ERS489175
ERR868507,ERS489251
ERR868478,ERS489279
ERR868399,ERS489303
ERR868355,ERS489329
ERR868370,ERS489506
ERR868452,ERS489785
ERR868350,ERS489857
ERR868372,ERS490817
ERR868376,ERS491142
ERR868361,ERS491187
ERR868413,ERS491398
ERR868358,ERS491474
ERR868436,ERS491514
ERR868444,ERS491613
ERR868417,ERS491645
ERR868446,ERS491673
ERR868447,ERS491719
ERR868493,ERS491845
ERR868465,ERS491885
ERR868424,ERS491885
ERR868453,ERS491922
ERR868357,ERS491949
ERR868422,ERS492023
ERR868440,ERS492023
ERR868502,ERS492052
ERR868505,ERS492090
ERR868377,ERS492117
ERR868374,ERS492154
ERR868472,ERS492186
ERR868450,ERS492186
ERR868470,ERS492212
ERR868442,ERS492243
ERR868438,ERS492279
ERR868364,ERS492279
ERR868381,ERS492368
ERR868501,ERS492426
ERR868365,ERS492487
ERR868513,ERS492651
ERR868419,ERS492708
ERR868466,ERS492740
ERR868360,ERS492789
ERR868481,ERS492789
ERR868363,ERS492825
ERR868491,ERS492871
ERR868382,ERS492897
ERR868359,ERS492935
ERR868426,ERS492935
ERR868458,ERS493111
ERR868485,ERS493224
ERR868464,ERS493264
ERR868386,ERS493264
ERR868384,ERS493295
ERR868480,ERS493313
ERR868490,ERS493382
ERR868433,ERS493519
ERR868477,ERS493645
ERR868512,ERS493712
ERR868430,ERS493954
ERR868367,ERS493997
ERR868349,ERS494107
ERR868411,ERS494184
ERR868495,ERS494226
ERR868351,ERS494248
ERR868366,ERS494304
ERR868395,ERS494341
ERR868479,ERS494381
ERR868380,ERS494436
ERR868354,ERS494454
ERR868423,ERS494570
ERR868445,ERS494594
ERR868434,ERS494623
ERR868375,ERS494670
ERR868410,ERS494709
ERR868429,ERS494743
ERR868407,ERS488122
ERR868393,ERS488338
ERR868403,ERS488446
ERR868348,ERS488609
ERR868414,ERS488832
ERR868454,ERS488924
ERR868486,ERS489053
ERR868396,ERS489106
ERR599266,ERS489933
ERR599324,ERS490019
ERR599323,ERS490105
ERR599261,ERS490134
ERR599315,ERS490172
ERR599251,ERS490172
ERR599252,ERS490172
ERR599308,ERS490172
ERR599233,ERS490172
ERR599242,ERS490172
ERR599274,ERS490172
ERR599316,ERS490172
ERR599289,ERS490172
ERR599285,ERS490172
ERR599300,ERS490172
ERR599238,ERS490198
ERR599248,ERS490241
ERR599260,ERS490242
ERR599297,ERS490279
ERR599284,ERS490307
ERR599236,ERS490311
ERR599331,ERS490341
ERR599305,ERS490343
ERR599267,ERS490446
ERR599276,ERS490448
ERR599290,ERS490488
ERR599307,ERS490490
ERR599309,ERS490553
ERR599330,ERS490607
ERR599237,ERS490668
ERR599240,ERS490699
ERR599246,ERS490725
ERR868483,ERS490792
ERR599293,ERS490894
ERR599298,ERS490896
ERR599319,ERS490941
ERR868388,ERS490977
ERR599270,ERS491010
ERR599254,ERS491012
ERR599281,ERS491055
ERR599335,ERS491057
ERR599239,ERS491101
ERR868404,ERS491538
ERR868415,ERS491572
ERR868499,ERS491719
ERR868379,ERS491786
ERR868362,ERS491989
ERR868441,ERS492154
ERR868443,ERS492306
ERR868476,ERS492332
ERR868432,ERS492461
ERR868489,ERS492825
ERR868371,ERS492871
ERR868427,ERS493175
ERR868500,ERS493199
ERR868346,ERS493557
ERR868492,ERS493679
ERR868467,ERS493829
ERR868474,ERS494016
ERR868421,ERS494036
ERR868449,ERS494284
ERR868392,ERS494403
ERR599277,ERS490150
ERR599241,ERS490366
ERR599321,ERS489963
ERR599255,ERS490210
ERR599245,ERS490679
ERR599320,ERS490083
ERR599295,ERS490220
ERR599249,ERS489574
ERR599250,ERS490687
ERR599326,ERS490572
ERR599313,ERS490356
ERR599279,ERS490922
ERR599314,ERS489566
ERR599282,ERS489955
ERR599301,ERS490159
ERR599294,ERS489523
ERR599263,ERS490683
ERR599310,ERS491078
ERR599296,ERS489582
ERR599304,ERS490256
ERR599286,ERS490457
ERR599332,ERS490582
ERR599317,ERS490503
ERR599329,ERS490626
ERR599262,ERS490712
ERR599247,ERS489952
ERR868368,ERS488910
ERR868484,ERS488910
ERR599264,ERS491073
ERR599288,ERS491081
ERR318615,ERS329497
ERR318601,ERS329498
ERR318606,ERS329499
ERR318617,ERS329499
ERR318588,ERS329499
ERR318596,ERS329501
ERR318587,ERS329501
ERR318586,ERS329502
ERR318597,ERS329502
ERR318590,ERS329502
ERR318582,ERS329506
ERR318584,ERS329508
ERR318611,ERS329508
ERR318595,ERS329511
ERR538190,ERS477937
ERR538182,ERS477956
ERR538187,ERS477961
ERR538181,ERS477961
ERR538173,ERS477988
ERR538184,ERS477989
ERR538175,ERS478003
ERR538172,ERS478004
ERR538186,ERS478024
ERR538178,ERS478025
ERR538179,ERS478046
ERR538188,ERS478047
ERR538180,ERS477965
ERR538177,ERS478010
ERR538183,ERS477943
ERR538174,ERS478012
ERR538176,ERS477973
ERR538185,ERS477996
ERR538189,ERS478033
ERR538171,ERS478008
ERR599280,ERS489543
ERR599328,ERS489596
ERR599215,ERS489598
ERR599225,ERS489993
ERR599212,ERS489994
ERR599226,ERS490021
ERR599210,ERS490044
ERR599218,ERS490045
ERR599268,ERS490071
ERR599205,ERS490115
ERR599208,ERS490136
ERR599318,ERS490172
ERR599327,ERS490172
ERR599272,ERS490172
ERR599271,ERS490172
ERR599334,ERS490172
ERR599273,ERS490172
ERR599235,ERS490172
ERR599231,ERS490174
ERR599302,ERS490201
ERR599257,ERS490281
ERR599229,ERS490314
ERR599220,ERS490386
ERR599207,ERS490387
ERR599213,ERS490520
ERR599211,ERS490521
ERR599253,ERS490552
ERR599275,ERS490606
ERR599230,ERS490646
ERR599216,ERS490647
ERR599311,ERS490670
ERR599322,ERS490701
ERR599278,ERS490726
ERR599219,ERS490944
ERR599209,ERS490945
ERR599221,ERS490947
ERR599228,ERS491059
ERR599325,ERS491103
ERR599227,ERS491121
ERR599217,ERS491122
ERR588857,ERS492821
ERR599256,ERS490463
ERR599303,ERS490594
ERR599206,ERS491086
ERR599258,ERS490362
ERR599292,ERS490499
ERR599214,ERS491070
ERR599204,ERS490467
ERR599234,ERS490905
ERR599222,ERS489556
ERR599333,ERS490618
ERR599312,ERS490063
ERR599223,ERS490261
ERR599299,ERS489974
ERR599283,ERS491028
ERR599265,ERS490708
ERR599291,ERS491021
ERR599287,ERS490473
ERR599259,ERS490294
ERR599269,ERS490216
ERR599243,ERS490253
ERR599306,ERS490911
ERR599244,ERS489984
ERR599336,ERS490564
ERR599224,ERS491032
ERR599232,ERS490915
ERR318598,ERS329497
ERR318591,ERS329499
ERR318592,ERS329499
ERR318612,ERS329499
ERR318600,ERS329500
ERR318614,ERS329501
ERR318608,ERS329501
ERR318609,ERS329501
ERR318610,ERS329501
ERR318599,ERS329502
ERR318589,ERS329503
ERR318602,ERS329503
ERR318613,ERS329504
ERR318616,ERS329505
ERR318585,ERS329505
ERR318594,ERS329507
ERR318583,ERS329507
ERR318603,ERS329509
ERR318605,ERS329509
ERR318607,ERS329510
ERR318604,ERS329510
ERR318593,ERS329511
ERR315827,ERS327852
ERR315675,ERS327852
ERR315680,ERS327852
ERR315673,ERS327852
ERR315685,ERS327852
ERR315681,ERS327852
ERR315682,ERS327852
ERR315684,ERS327852
ERR315693,ERS327852
ERR315695,ERS327853
ERR315799,ERS327853
ERR315804,ERS327853
ERR315806,ERS327853
ERR315816,ERS327853
ERR315818,ERS327853
ERR315692,ERS327854
ERR315809,ERS327854
ERR315683,ERS327854
ERR315679,ERS327854
ERR315687,ERS327855
ERR315808,ERS327855
ERR315810,ERS327856
ERR315807,ERS327856
ERR315694,ERS327856
ERR315689,ERS327856
ERR315690,ERS327856
ERR315813,ERS327856
ERR315819,ERS327856
ERR315826,ERS327856
ERR315820,ERS327857
ERR315822,ERS327857
ERR315814,ERS327857
ERR315815,ERS327857
ERR315812,ERS327857
ERR315817,ERS327857
ERR315825,ERS327857
ERR315824,ERS327857
ERR315686,ERS327857
ERR315676,ERS327857
ERR315798,ERS327857
ERR315805,ERS327857
ERR315677,ERS327857
ERR315821,ERS327857
ERR315801,ERS327857
ERR315800,ERS327857
ERR315802,ERS327857
ERR315678,ERS327858
ERR315691,ERS327858
ERR315823,ERS327858
ERR315688,ERS327859
ERR315674,ERS327859
ERR315803,ERS327859
ERR315811,ERS327859
